Workbook

Sheet Instrucciones
A1: CONTROL SEMANAL DE PASARELAS DE PAGO
A3: Qué contiene:
A4: • Datos: todos los movimientos diarios normalizados (una fila por pasarela y día). Nuvei $ se convierte a € con el FX de la celda L1.
A5: • Ventas Diarias: ventas por día y pasarela (€), con total. Se calcula con SUMIFS sobre 'Datos'.
A6: • Ventas Semanales: ventas por semana ISO y pasarela (€). Vista de control semanal.
A7: • Dinero Retenido: retenido actual por pasarela (Nuvei = €+$ combinado) y el flujo semanal (qué entra vs qué se libera a banco).
A9: Nuvei € + $ combinado:
A10: Las filas de Nuvei $ (USD) se marcan Moneda=USD en 'Datos' y se convierten a € con el tipo de cambio de Datos!L1 (edítalo).
A11: Así Nuvei aparece como UNA sola columna ya en euros en todas las vistas.
A13: Cómo actualizar cada semana:
A14: 1) Añade las nuevas filas diarias al final de 'Datos' (misma estructura). 2) Copia las fórmulas de la última fila de Ventas Diarias/Semanales para las nuevas fechas/semanas. Todo recalcula solo.
A16: Nota: 'Semana' usa el número de semana ISO del año (formato AAAA-Wnn).

Sheet Datos
K1: FX USD→EUR: | L1: 0.92
A3: Fecha | B3: Semana | C3: Pasarela | D3: Moneda | E3: Ventas (orig) | F3: Ventas Netas (orig) | G3: Payout (orig) | H3: Ventas (€) | I3: Ventas Netas (€) | J3: Payout (€)
A4: 45922 | B4: 2025-W39 | C4: Nuvei | D4: EUR | E4: 13.55 | F4: 13.14 | G4: 0 | H4: =IF(D4="USD",E4*$L$1,E4) | I4: =IF(D4="USD",F4*$L$1,F4) | J4: =IF(D4="USD",G4*$L$1,G4)
A5: 45922 | B5: 2025-W39 | C5: Nuvei | D5: EUR | E5: -47.2 | F5: -47.2 | G5: 0 | H5: =IF(D5="USD",E5*$L$1,E5) | I5: =IF(D5="USD",F5*$L$1,F5) | J5: =IF(D5="USD",G5*$L$1,G5)
A6: 45923 | B6: 2025-W39 | C6: Nuvei | D6: EUR | E6: 56724.58 | F6: 55937.39 | G6: 0 | H6: =IF(D6="USD",E6*$L$1,E6) | I6: =IF(D6="USD",F6*$L$1,F6) | J6: =IF(D6="USD",G6*$L$1,G6)
A7: 45923 | B7: 2025-W39 | C7: Nuvei | D7: EUR | E7: 114.44 | F7: 112.9836 | G7: 0 | H7: =IF(D7="USD",E7*$L$1,E7) | I7: =IF(D7="USD",F7*$L$1,F7) | J7: =IF(D7="USD",G7*$L$1,G7)
A8: 45924 | B8: 2025-W39 | C8: Nuvei | D8: EUR | E8: 48289.18 | F8: 47721.74 | G8: 0 | H8: =IF(D8="USD",E8*$L$1,E8) | I8: =IF(D8="USD",F8*$L$1,F8) | J8: =IF(D8="USD",G8*$L$1,G8)
A9: 45924 | B9: 2025-W39 | C9: Nuvei | D9: EUR | E9: 0 | F9: 0 | G9: 0 | H9: =IF(D9="USD",E9*$L$1,E9) | I9: =IF(D9="USD",F9*$L$1,F9) | J9: =IF(D9="USD",G9*$L$1,G9)
A10: 45925 | B10: 2025-W39 | C10: Nuvei | D10: EUR | E10: 235798.38 | F10: 233073.56 | G10: 0 | H10: =IF(D10="USD",E10*$L$1,E10) | I10: =IF(D10="USD",F10*$L$1,F10) | J10: =IF(D10="USD",G10*$L$1,G10)
A11: 45925 | B11: 2025-W39 | C11: Nuvei | D11: EUR | E11: 103.73 | F11: 103.2503 | G11: 0 | H11: =IF(D11="USD",E11*$L$1,E11) | I11: =IF(D11="USD",F11*$L$1,F11) | J11: =IF(D11="USD",G11*$L$1,G11)
A12: 45926 | B12: 2025-W39 | C12: Nuvei | D12: EUR | E12: 299439.68 | F12: 295787.02 | G12: 0 | H12: =IF(D12="USD",E12*$L$1,E12) | I12: =IF(D12="USD",F12*$L$1,F12) | J12: =IF(D12="USD",G12*$L$1,G12)
A13: 45926 | B13: 2025-W39 | C13: Nuvei | D13: EUR | E13: 30 | F13: 29.828 | G13: 0 | H13: =IF(D13="USD",E13*$L$1,E13) | I13: =IF(D13="USD",F13*$L$1,F13) | J13: =IF(D13="USD",G13*$L$1,G13)
A14: 45927 | B14: 2025-W39 | C14: Nuvei | D14: EUR | E14: 249151.1 | F14: 246391.48 | G14: 0 | H14: =IF(D14="USD",E14*$L$1,E14) | I14: =IF(D14="USD",F14*$L$1,F14) | J14: =IF(D14="USD",G14*$L$1,G14)
A15: 45927 | B15: 2025-W39 | C15: Nuvei | D15: EUR | E15: 393.36 | F15: 389.9828 | G15: 0 | H15: =IF(D15="USD",E15*$L$1,E15) | I15: =IF(D15="USD",F15*$L$1,F15) | J15: =IF(D15="USD",G15*$L$1,G15)
... A1187: 46234 | B1187: 2026-W31 | C1187: Paysafe | D1187: EUR | E1187: 0 | F1187: 0 | G1187: 0 | H1187: =IF(D1187="USD",E1187*$L$1,E1187) | I1187: =IF(D1187="USD",F1187*$L$1,F1187) | J1187: =IF(D1187="USD",G1187*$L$1,G1187)

Sheet Ventas Diarias
A1: VENTAS DIARIAS POR PASARELA (€)
A3: Fecha | B3: Shift4 | C3: Nuvei | D3: Adyen | E3: Paysafe | F3: TOTAL
A4: 45922 | B4: =SUMIFS(Datos!$H$4:$H$1187,Datos!$A$4:$A$1187,A4,Datos!$C$4:$C$1187,"Shift4") | C4: =SUMIFS(Datos!$H$4:$H$1187,Datos!$A$4:$A$1187,A4,Datos!$C$4:$C$1187,"Nuvei") | D4: =SUMIFS(Datos!$H$4:$H$1187,Datos!$A$4:$A$1187,A4,Datos!$C$4:$C$1187,"Adyen") | E4: =SUMIFS(Datos!$H$4:$H$1187,Datos!$A$4:$A$1187,A4,Datos!$C$4:$C$1187,"Paysafe") | F4: =SUM(B4:E4)
A5: 45923 | B5: =SUMIFS(Datos!$H$4:$H$1187,Datos!$A$4:$A$1187,A5,Datos!$C$4:$C$1187,"Shift4") | C5: =SUMIFS(Datos!$H$4:$H$1187,Datos!$A$4:$A$1187,A5,Datos!$C$4:$C$1187,"Nuvei") | D5: =SUMIFS(Datos!$H$4:$H$1187,Datos!$A$4:$A$1187,A5,Datos!$C$4:$C$1187,"Adyen") | E5: =SUMIFS(Datos!$H$4:$H$1187,Datos!$A$4:$A$1187,A5,Datos!$C$4:$C$1187,"Paysafe") | F5: =SUM(B5:E5)
A6: 45924 | B6: =SUMIFS(Datos!$H$4:$H$1187,Datos!$A$4:$A$1187,A6,Datos!$C$4:$C$1187,"Shift4") | C6: =SUMIFS(Datos!$H$4:$H$1187,Datos!$A$4:$A$1187,A6,Datos!$C$4:$C$1187,"Nuvei") | D6: =SUMIFS(Datos!$H$4:$H$1187,Datos!$A$4:$A$1187,A6,Datos!$C$4:$C$1187,"Adyen") | E6: =SUMIFS(Datos!$H$4:$H$1187,Datos!$A$4:$A$1187,A6,Datos!$C$4:$C$1187,"Paysafe") | F6: =SUM(B6:E6)
A7: 45925 | B7: =SUMIFS(Datos!$H$4:$H$1187,Datos!$A$4:$A$1187,A7,Datos!$C$4:$C$1187,"Shift4") | C7: =SUMIFS(Datos!$H$4:$H$1187,Datos!$A$4:$A$1187,A7,Datos!$C$4:$C$1187,"Nuvei") | D7: =SUMIFS(Datos!$H$4:$H$1187,Datos!$A$4:$A$1187,A7,Datos!$C$4:$C$1187,"Adyen") | E7: =SUMIFS(Datos!$H$4:$H$1187,Datos!$A$4:$A$1187,A7,Datos!$C$4:$C$1187,"Paysafe") | F7: =SUM(B7:E7)
A8: 45926 | B8: =SUMIFS(Datos!$H$4:$H$1187,Datos!$A$4:$A$1187,A8,Datos!$C$4:$C$1187,"Shift4") | C8: =SUMIFS(Datos!$H$4:$H$1187,Datos!$A$4:$A$1187,A8,Datos!$C$4:$C$1187,"Nuvei") | D8: =SUMIFS(Datos!$H$4:$H$1187,Datos!$A$4:$A$1187,A8,Datos!$C$4:$C$1187,"Adyen") | E8: =SUMIFS(Datos!$H$4:$H$1187,Datos!$A$4:$A$1187,A8,Datos!$C$4:$C$1187,"Paysafe") | F8: =SUM(B8:E8)
A9: 45927 | B9: =SUMIFS(Datos!$H$4:$H$1187,Datos!$A$4:$A$1187,A9,Datos!$C$4:$C$1187,"Shift4") | C9: =SUMIFS(Datos!$H$4:$H$1187,Datos!$A$4:$A$1187,A9,Datos!$C$4:$C$1187,"Nuvei") | D9: =SUMIFS(Datos!$H$4:$H$1187,Datos!$A$4:$A$1187,A9,Datos!$C$4:$C$1187,"Adyen") | E9: =SUMIFS(Datos!$H$4:$H$1187,Datos!$A$4:$A$1187,A9,Datos!$C$4:$C$1187,"Paysafe") | F9: =SUM(B9:E9)
A10: 45928 | B10: =SUMIFS(Datos!$H$4:$H$1187,Datos!$A$4:$A$1187,A10,Datos!$C$4:$C$1187,"Shift4") | C10: =SUMIFS(Datos!$H$4:$H$1187,Datos!$A$4:$A$1187,A10,Datos!$C$4:$C$1187,"Nuvei") | D10: =SUMIFS(Datos!$H$4:$H$1187,Datos!$A$4:$A$1187,A10,Datos!$C$4:$C$1187,"Adyen") | E10: =SUMIFS(Datos!$H$4:$H$1187,Datos!$A$4:$A$1187,A10,Datos!$C$4:$C$1187,"Paysafe") | F10: =SUM(B10:E10)
A11: 45929 | B11: =SUMIFS(Datos!$H$4:$H$1187,Datos!$A$4:$A$1187,A11,Datos!$C$4:$C$1187,"Shift4") | C11: =SUMIFS(Datos!$H$4:$H$1187,Datos!$A$4:$A$1187,A11,Datos!$C$4:$C$1187,"Nuvei") | D11: =SUMIFS(Datos!$H$4:$H$1187,Datos!$A$4:$A$1187,A11,Datos!$C$4:$C$1187,"Adyen") | E11: =SUMIFS(Datos!$H$4:$H$1187,Datos!$A$4:$A$1187,A11,Datos!$C$4:$C$1187,"Paysafe") | F11: =SUM(B11:E11)
A12: 45930 | B12: =SUMIFS(Datos!$H$4:$H$1187,Datos!$A$4:$A$1187,A12,Datos!$C$4:$C$1187,"Shift4") | C12: =SUMIFS(Datos!$H$4:$H$1187,Datos!$A$4:$A$1187,A12,Datos!$C$4:$C$1187,"Nuvei") | D12: =SUMIFS(Datos!$H$4:$H$1187,Datos!$A$4:$A$1187,A12,Datos!$C$4:$C$1187,"Adyen") | E12: =SUMIFS(Datos!$H$4:$H$1187,Datos!$A$4:$A$1187,A12,Datos!$C$4:$C$1187,"Paysafe") | F12: =SUM(B12:E12)
A13: 45931 | B13: =SUMIFS(Datos!$H$4:$H$1187,Datos!$A$4:$A$1187,A13,Datos!$C$4:$C$1187,"Shift4") | C13: =SUMIFS(Datos!$H$4:$H$1187,Datos!$A$4:$A$1187,A13,Datos!$C$4:$C$1187,"Nuvei") | D13: =SUMIFS(Datos!$H$4:$H$1187,Datos!$A$4:$A$1187,A13,Datos!$C$4:$C$1187,"Adyen") | E13: =SUMIFS(Datos!$H$4:$H$1187,Datos!$A$4:$A$1187,A13,Datos!$C$4:$C$1187,"Paysafe") | F13: =SUM(B13:E13)
A14: 45932 | B14: =SUMIFS(Datos!$H$4:$H$1187,Datos!$A$4:$A$1187,A14,Datos!$C$4:$C$1187,"Shift4") | C14: =SUMIFS(Datos!$H$4:$H$1187,Datos!$A$4:$A$1187,A14,Datos!$C$4:$C$1187,"Nuvei") | D14: =SUMIFS(Datos!$H$4:$H$1187,Datos!$A$4:$A$1187,A14,Datos!$C$4:$C$1187,"Adyen") | E14: =SUMIFS(Datos!$H$4:$H$1187,Datos!$A$4:$A$1187,A14,Datos!$C$4:$C$1187,"Paysafe") | F14: =SUM(B14:E14)
A15: 45933 | B15: =SUMIFS(Datos!$H$4:$H$1187,Datos!$A$4:$A$1187,A15,Datos!$C$4:$C$1187,"Shift4") | C15: =SUMIFS(Datos!$H$4:$H$1187,Datos!$A$4:$A$1187,A15,Datos!$C$4:$C$1187,"Nuvei") | D15: =SUMIFS(Datos!$H$4:$H$1187,Datos!$A$4:$A$1187,A15,Datos!$C$4:$C$1187,"Adyen") | E15: =SUMIFS(Datos!$H$4:$H$1187,Datos!$A$4:$A$1187,A15,Datos!$C$4:$C$1187,"Paysafe") | F15: =SUM(B15:E15)
... A309: 46234 | B309: =SUMIFS(Datos!$H$4:$H$1187,Datos!$A$4:$A$1187,A309,Datos!$C$4:$C$1187,"Shift4") | C309: =SUMIFS(Datos!$H$4:$H$1187,Datos!$A$4:$A$1187,A309,Datos!$C$4:$C$1187,"Nuvei") | D309: =SUMIFS(Datos!$H$4:$H$1187,Datos!$A$4:$A$1187,A309,Datos!$C$4:$C$1187,"Adyen") | E309: =SUMIFS(Datos!$H$4:$H$1187,Datos!$A$4:$A$1187,A309,Datos!$C$4:$C$1187,"Paysafe") | F309: =SUM(B309:E309)
A310: TOTAL | B310: =SUM(B4:B309) | C310: =SUM(C4:C309) | D310: =SUM(D4:D309) | E310: =SUM(E4:E309) | F310: =SUM(F4:F309)

Sheet Ventas Semanales
A1: VENTAS SEMANALES POR PASARELA (€) · control semanal
A3: Semana | B3: Shift4 | C3: Nuvei | D3: Adyen | E3: Paysafe | F3: TOTAL
A4: 2025-W39 | B4: =SUMIFS(Datos!$H$4:$H$1187,Datos!$B$4:$B$1187,A4,Datos!$C$4:$C$1187,"Shift4") | C4: =SUMIFS(Datos!$H$4:$H$1187,Datos!$B$4:$B$1187,A4,Datos!$C$4:$C$1187,"Nuvei") | D4: =SUMIFS(Datos!$H$4:$H$1187,Datos!$B$4:$B$1187,A4,Datos!$C$4:$C$1187,"Adyen") | E4: =SUMIFS(Datos!$H$4:$H$1187,Datos!$B$4:$B$1187,A4,Datos!$C$4:$C$1187,"Paysafe") | F4: =SUM(B4:E4)
A5: 2025-W40 | B5: =SUMIFS(Datos!$H$4:$H$1187,Datos!$B$4:$B$1187,A5,Datos!$C$4:$C$1187,"Shift4") | C5: =SUMIFS(Datos!$H$4:$H$1187,Datos!$B$4:$B$1187,A5,Datos!$C$4:$C$1187,"Nuvei") | D5: =SUMIFS(Datos!$H$4:$H$1187,Datos!$B$4:$B$1187,A5,Datos!$C$4:$C$1187,"Adyen") | E5: =SUMIFS(Datos!$H$4:$H$1187,Datos!$B$4:$B$1187,A5,Datos!$C$4:$C$1187,"Paysafe") | F5: =SUM(B5:E5)
A6: 2025-W41 | B6: =SUMIFS(Datos!$H$4:$H$1187,Datos!$B$4:$B$1187,A6,Datos!$C$4:$C$1187,"Shift4") | C6: =SUMIFS(Datos!$H$4:$H$1187,Datos!$B$4:$B$1187,A6,Datos!$C$4:$C$1187,"Nuvei") | D6: =SUMIFS(Datos!$H$4:$H$1187,Datos!$B$4:$B$1187,A6,Datos!$C$4:$C$1187,"Adyen") | E6: =SUMIFS(Datos!$H$4:$H$1187,Datos!$B$4:$B$1187,A6,Datos!$C$4:$C$1187,"Paysafe") | F6: =SUM(B6:E6)
A7: 2025-W42 | B7: =SUMIFS(Datos!$H$4:$H$1187,Datos!$B$4:$B$1187,A7,Datos!$C$4:$C$1187,"Shift4") | C7: =SUMIFS(Datos!$H$4:$H$1187,Datos!$B$4:$B$1187,A7,Datos!$C$4:$C$1187,"Nuvei") | D7: =SUMIFS(Datos!$H$4:$H$1187,Datos!$B$4:$B$1187,A7,Datos!$C$4:$C$1187,"Adyen") | E7: =SUMIFS(Datos!$H$4:$H$1187,Datos!$B$4:$B$1187,A7,Datos!$C$4:$C$1187,"Paysafe") | F7: =SUM(B7:E7)
A8: 2025-W43 | B8: =SUMIFS(Datos!$H$4:$H$1187,Datos!$B$4:$B$1187,A8,Datos!$C$4:$C$1187,"Shift4") | C8: =SUMIFS(Datos!$H$4:$H$1187,Datos!$B$4:$B$1187,A8,Datos!$C$4:$C$1187,"Nuvei") | D8: =SUMIFS(Datos!$H$4:$H$1187,Datos!$B$4:$B$1187,A8,Datos!$C$4:$C$1187,"Adyen") | E8: =SUMIFS(Datos!$H$4:$H$1187,Datos!$B$4:$B$1187,A8,Datos!$C$4:$C$1187,"Paysafe") | F8: =SUM(B8:E8)
A9: 2025-W44 | B9: =SUMIFS(Datos!$H$4:$H$1187,Datos!$B$4:$B$1187,A9,Datos!$C$4:$C$1187,"Shift4") | C9: =SUMIFS(Datos!$H$4:$H$1187,Datos!$B$4:$B$1187,A9,Datos!$C$4:$C$1187,"Nuvei") | D9: =SUMIFS(Datos!$H$4:$H$1187,Datos!$B$4:$B$1187,A9,Datos!$C$4:$C$1187,"Adyen") | E9: =SUMIFS(Datos!$H$4:$H$1187,Datos!$B$4:$B$1187,A9,Datos!$C$4:$C$1187,"Paysafe") | F9: =SUM(B9:E9)
A10: 2025-W45 | B10: =SUMIFS(Datos!$H$4:$H$1187,Datos!$B$4:$B$1187,A10,Datos!$C$4:$C$1187,"Shift4") | C10: =SUMIFS(Datos!$H$4:$H$1187,Datos!$B$4:$B$1187,A10,Datos!$C$4:$C$1187,"Nuvei") | D10: =SUMIFS(Datos!$H$4:$H$1187,Datos!$B$4:$B$1187,A10,Datos!$C$4:$C$1187,"Adyen") | E10: =SUMIFS(Datos!$H$4:$H$1187,Datos!$B$4:$B$1187,A10,Datos!$C$4:$C$1187,"Paysafe") | F10: =SUM(B10:E10)
A11: 2025-W46 | B11: =SUMIFS(Datos!$H$4:$H$1187,Datos!$B$4:$B$1187,A11,Datos!$C$4:$C$1187,"Shift4") | C11: =SUMIFS(Datos!$H$4:$H$1187,Datos!$B$4:$B$1187,A11,Datos!$C$4:$C$1187,"Nuvei") | D11: =SUMIFS(Datos!$H$4:$H$1187,Datos!$B$4:$B$1187,A11,Datos!$C$4:$C$1187,"Adyen") | E11: =SUMIFS(Datos!$H$4:$H$1187,Datos!$B$4:$B$1187,A11,Datos!$C$4:$C$1187,"Paysafe") | F11: =SUM(B11:E11)
A12: 2025-W47 | B12: =SUMIFS(Datos!$H$4:$H$1187,Datos!$B$4:$B$1187,A12,Datos!$C$4:$C$1187,"Shift4") | C12: =SUMIFS(Datos!$H$4:$H$1187,Datos!$B$4:$B$1187,A12,Datos!$C$4:$C$1187,"Nuvei") | D12: =SUMIFS(Datos!$H$4:$H$1187,Datos!$B$4:$B$1187,A12,Datos!$C$4:$C$1187,"Adyen") | E12: =SUMIFS(Datos!$H$4:$H$1187,Datos!$B$4:$B$1187,A12,Datos!$C$4:$C$1187,"Paysafe") | F12: =SUM(B12:E12)
A13: 2025-W48 | B13: =SUMIFS(Datos!$H$4:$H$1187,Datos!$B$4:$B$1187,A13,Datos!$C$4:$C$1187,"Shift4") | C13: =SUMIFS(Datos!$H$4:$H$1187,Datos!$B$4:$B$1187,A13,Datos!$C$4:$C$1187,"Nuvei") | D13: =SUMIFS(Datos!$H$4:$H$1187,Datos!$B$4:$B$1187,A13,Datos!$C$4:$C$1187,"Adyen") | E13: =SUMIFS(Datos!$H$4:$H$1187,Datos!$B$4:$B$1187,A13,Datos!$C$4:$C$1187,"Paysafe") | F13: =SUM(B13:E13)
A14: 2025-W49 | B14: =SUMIFS(Datos!$H$4:$H$1187,Datos!$B$4:$B$1187,A14,Datos!$C$4:$C$1187,"Shift4") | C14: =SUMIFS(Datos!$H$4:$H$1187,Datos!$B$4:$B$1187,A14,Datos!$C$4:$C$1187,"Nuvei") | D14: =SUMIFS(Datos!$H$4:$H$1187,Datos!$B$4:$B$1187,A14,Datos!$C$4:$C$1187,"Adyen") | E14: =SUMIFS(Datos!$H$4:$H$1187,Datos!$B$4:$B$1187,A14,Datos!$C$4:$C$1187,"Paysafe") | F14: =SUM(B14:E14)
A15: 2025-W50 | B15: =SUMIFS(Datos!$H$4:$H$1187,Datos!$B$4:$B$1187,A15,Datos!$C$4:$C$1187,"Shift4") | C15: =SUMIFS(Datos!$H$4:$H$1187,Datos!$B$4:$B$1187,A15,Datos!$C$4:$C$1187,"Nuvei") | D15: =SUMIFS(Datos!$H$4:$H$1187,Datos!$B$4:$B$1187,A15,Datos!$C$4:$C$1187,"Adyen") | E15: =SUMIFS(Datos!$H$4:$H$1187,Datos!$B$4:$B$1187,A15,Datos!$C$4:$C$1187,"Paysafe") | F15: =SUM(B15:E15)
... A48: 2026-W31 | B48: =SUMIFS(Datos!$H$4:$H$1187,Datos!$B$4:$B$1187,A48,Datos!$C$4:$C$1187,"Shift4") | C48: =SUMIFS(Datos!$H$4:$H$1187,Datos!$B$4:$B$1187,A48,Datos!$C$4:$C$1187,"Nuvei") | D48: =SUMIFS(Datos!$H$4:$H$1187,Datos!$B$4:$B$1187,A48,Datos!$C$4:$C$1187,"Adyen") | E48: =SUMIFS(Datos!$H$4:$H$1187,Datos!$B$4:$B$1187,A48,Datos!$C$4:$C$1187,"Paysafe") | F48: =SUM(B48:E48)
A49: TOTAL | B49: =SUM(B4:B48) | C49: =SUM(C4:C48) | D49: =SUM(D4:D48) | E49: =SUM(E4:E48) | F49: =SUM(F4:F48)

Sheet Dinero Retenido
A1: DINERO RETENIDO EN PASARELAS (€)
A3: Retenido actual (snapshot)
A4: Pasarela | B4: Retenido (€)
A5: Shift4 | B5: 1180011.5
A6: Nuvei | B6: =1735149.23+107343.25*Datos!$L$1 | C6: (incl. 107,343 USD Nuvei)
A7: Adyen | B7: 3644042.3
A8: Paysafe | B8: 313165.04
A9: TOTAL RETENIDO | B9: =SUM(B5:B8)
A12: FLUJO SEMANAL (qué entra en retenido vs qué se libera)
A13: Semana | B13: Ventas Netas (€) | C13: Payouts a banco (€) | D13: Δ Retenido (€)
A14: 2025-W39 | B14: =SUMIFS(Datos!$I$4:$I$1187,Datos!$B$4:$B$1187,A14) | C14: =SUMIFS(Datos!$J$4:$J$1187,Datos!$B$4:$B$1187,A14) | D14: =B14+C14
A15: 2025-W40 | B15: =SUMIFS(Datos!$I$4:$I$1187,Datos!$B$4:$B$1187,A15) | C15: =SUMIFS(Datos!$J$4:$J$1187,Datos!$B$4:$B$1187,A15) | D15: =B15+C15
A16: 2025-W41 | B16: =SUMIFS(Datos!$I$4:$I$1187,Datos!$B$4:$B$1187,A16) | C16: =SUMIFS(Datos!$J$4:$J$1187,Datos!$B$4:$B$1187,A16) | D16: =B16+C16
A17: 2025-W42 | B17: =SUMIFS(Datos!$I$4:$I$1187,Datos!$B$4:$B$1187,A17) | C17: =SUMIFS(Datos!$J$4:$J$1187,Datos!$B$4:$B$1187,A17) | D17: =B17+C17
A18: 2025-W43 | B18: =SUMIFS(Datos!$I$4:$I$1187,Datos!$B$4:$B$1187,A18) | C18: =SUMIFS(Datos!$J$4:$J$1187,Datos!$B$4:$B$1187,A18) | D18: =B18+C18
A19: 2025-W44 | B19: =SUMIFS(Datos!$I$4:$I$1187,Datos!$B$4:$B$1187,A19) | C19: =SUMIFS(Datos!$J$4:$J$1187,Datos!$B$4:$B$1187,A19) | D19: =B19+C19
A20: 2025-W45 | B20: =SUMIFS(Datos!$I$4:$I$1187,Datos!$B$4:$B$1187,A20) | C20: =SUMIFS(Datos!$J$4:$J$1187,Datos!$B$4:$B$1187,A20) | D20: =B20+C20
A21: 2025-W46 | B21: =SUMIFS(Datos!$I$4:$I$1187,Datos!$B$4:$B$1187,A21) | C21: =SUMIFS(Datos!$J$4:$J$1187,Datos!$B$4:$B$1187,A21) | D21: =B21+C21
A22: 2025-W47 | B22: =SUMIFS(Datos!$I$4:$I$1187,Datos!$B$4:$B$1187,A22) | C22: =SUMIFS(Datos!$J$4:$J$1187,Datos!$B$4:$B$1187,A22) | D22: =B22+C22
A23: 2025-W48 | B23: =SUMIFS(Datos!$I$4:$I$1187,Datos!$B$4:$B$1187,A23) | C23: =SUMIFS(Datos!$J$4:$J$1187,Datos!$B$4:$B$1187,A23) | D23: =B23+C23
A24: 2025-W49 | B24: =SUMIFS(Datos!$I$4:$I$1187,Datos!$B$4:$B$1187,A24) | C24: =SUMIFS(Datos!$J$4:$J$1187,Datos!$B$4:$B$1187,A24) | D24: =B24+C24
A25: 2025-W50 | B25: =SUMIFS(Datos!$I$4:$I$1187,Datos!$B$4:$B$1187,A25) | C25: =SUMIFS(Datos!$J$4:$J$1187,Datos!$B$4:$B$1187,A25) | D25: =B25+C25
... A58: 2026-W31 | B58: =SUMIFS(Datos!$I$4:$I$1187,Datos!$B$4:$B$1187,A58) | C58: =SUMIFS(Datos!$J$4:$J$1187,Datos!$B$4:$B$1187,A58) | D58: =B58+C58
